<?xml version="1.0" encoding="UTF-8"?>
<databaseChangeLog
        xmlns="http://www.liquibase.org/xml/ns/dbchangelog"
        xmlns:xsi="http://www.w3.org/2001/XMLSchema-instance"
        xsi:schemaLocation="http://www.liquibase.org/xml/ns/dbchangelog
        http://www.liquibase.org/xml/ns/dbchangelog/dbchangelog-3.8.xsd">

    <changeSet id="1" author="yourname">
        <createTable tableName="shipping_order_entity">
            <column name="id" type="varchar(255)">
                <constraints primaryKey="true" nullable="false"/>
            </column>
            <column name="base_type" type="varchar(255)"/>
            <column name="creation_date" type="datetime(6)"/>
            <column name="href" type="varchar(255)"/>
            <column name="last_update_date" type="datetime(6)"/>
            <column name="place_from_base_type" type="varchar(255)"/>
            <column name="place_from_href" type="varchar(255)"/>
            <column name="place_from_id" type="varchar(255)"/>
            <column name="place_from_name" type="varchar(255)"/>
            <column name="place_from_referred_type" type="varchar(255)"/>
            <column name="place_from_role" type="varchar(255)"/>
            <column name="place_from_schema_location" type="varchar(255)"/>
            <column name="place_from_type" type="varchar(255)"/>
            <column name="place_to_base_type" type="varchar(255)"/>
            <column name="place_to_href" type="varchar(255)"/>
            <column name="place_to_id" type="varchar(255)"/>
            <column name="place_to_name" type="varchar(255)"/>
            <column name="place_to_referred_type" type="varchar(255)"/>
            <column name="place_to_role" type="varchar(255)"/>
            <column name="place_to_schema_location" type="varchar(255)"/>
            <column name="place_to_type" type="varchar(255)"/>
            <column name="product_order_base_type" type="varchar(255)"/>
            <column name="product_order_href" type="varchar(255)"/>
            <column name="product_order_id" type="varchar(255)"/>
            <column name="product_order_name" type="varchar(255)"/>
            <column name="product_order_referred_type" type="varchar(255)"/>
            <column name="product_order_schema_location" type="varchar(255)"/>
            <column name="product_order_type" type="varchar(255)"/>
            <column name="related_shipping_order_base_type" type="varchar(255)"/>
            <column name="related_shipping_order_href" type="varchar(255)"/>
            <column name="related_shipping_order_id" type="varchar(255)"/>
            <column name="related_shipping_order_name" type="varchar(255)"/>
            <column name="related_shipping_order_referred_type" type="varchar(255)"/>
            <column name="related_shipping_order_role" type="varchar(255)"/>
            <column name="related_shipping_order_schema_location" type="varchar(255)"/>
            <column name="related_shipping_order_type" type="varchar(255)"/>
            <column name="schema_location" type="varchar(255)"/>
            <column name="shipping_instruction_base_type" type="varchar(255)"/>
            <column name="shipping_instruction_carrier_id" type="varchar(255)"/>
            <column name="shipping_instruction_carrier_name" type="varchar(255)"/>
            <column name="shipping_instruction_carrier_service_code" type="varchar(255)"/>
            <column name="shipping_instruction_delivery_attempts" type="integer"/>
            <column name="shipping_instruction_delivery_speed" type="varchar(255)"/>
            <column name="shipping_instruction_href" type="varchar(255)"/>
            <column name="shipping_instruction_id" type="varchar(255)"/>
            <column name="shipping_instruction_label_message" type="varchar(255)"/>
            <column name="shipping_instruction_package_type" type="varchar(255)"/>
            <column name="shipping_instruction_receipt_confirmation" type="varchar(255)"/>
            <column name="shipping_instruction_schema_location" type="varchar(255)"/>
            <column name="shipping_instruction_shipping_type" type="varchar(255)"/>
            <column name="shipping_instruction_signature_required" type="bit"/>
            <column name="shipping_instruction_type" type="varchar(255)"/>
            <column name="shipping_instruction_warehouse_id" type="varchar(255)"/>
            <column name="delivery_time_slot_end_date_time" type="datetime(6)"/>
            <column name="delivery_time_slot_start_date_time" type="datetime(6)"/>
            <column name="insured_value_unit" type="varchar(255)"/>
            <column name="insured_value_value" type="float(23)"/>
            <column name="shipping_order_offering_base_type" type="varchar(255)"/>
            <column name="shipping_order_offering_href" type="varchar(255)"/>
            <column name="shipping_order_offering_id" type="varchar(255)"/>
            <column name="shipping_order_offering_name" type="varchar(255)"/>
            <column name="shipping_order_offering_referred_type" type="varchar(255)"/>
            <column name="shipping_order_offering_schema_location" type="varchar(255)"/>
            <column name="shipping_order_offering_type" type="varchar(255)"/>
            <column name="status" type="varchar(255)"/>
            <column name="type" type="varchar(255)"/>
        </createTable>
    </changeSet>
</databaseChangeLog>
